Table;Field;Field value;Subfield;Subfield value;DocType;Description
Empty;;;;;1000;Empty example
EKKO_EKPO;BSTYP;A;;;1;Request for quotation
EKKO_EKPO;BSTYP;A;;;2;Request for quotation
EKKO_EKPO;BSTYP;B;;;3;Purchase requisition
EKKO_EKPO;BSTYP;F;;;4;Purchase order item
EKKO_EKPO;BSTYP;I;;;5;Info record
EKKO_EKPO;BSTYP;K;;;6;Contract
EKKO_EKPO;BSTYP;L;;;7;Scheduling agreement
EKKO_EKPO;BSTYP;Q;;;8;Service entry sheet
EKKO_EKPO;BSTYP;W;;;9;Source list
BKPF_BSEG;BSCHL;09;UMSKZ;1;14;P.Risqu debit
BKPF_BSEG;BSCHL;09;UMSKZ;2;15;Gar.Ac. debit
BKPF_BSEG;BSCHL;09;UMSKZ;3;16;Douteux debit
BKPF_BSEG;BSCHL;09;UMSKZ;4;17;Wechsel
BKPF_BSEG;BSCHL;09;UMSKZ;9;18;Storno RechnAnford.
BKPF_BSEG;BSCHL;09;UMSKZ;C;19;W-Anforderung
BKPF_BSEG;BSCHL;09;UMSKZ;I;20;Gepl.  Wechsel SOLL
BKPF_BSEG;BSCHL;09;UMSKZ;J;21;Merkposten SOLL
BKPF_BSEG;BSCHL;09;UMSKZ;M;22;Sabatini Wechsel
BKPF_BSEG;BSCHL;09;UMSKZ;N;23;Sabatini Wechsel
BKPF_BSEG;BSCHL;09;UMSKZ;V;24;Wechsel
BKPF_BSEG;BSCHL;19;UMSKZ;1;25;P.Risqu credit
BKPF_BSEG;BSCHL;19;UMSKZ;2;26;Gar.Ac. credit
BKPF_BSEG;BSCHL;19;UMSKZ;3;27;Douteux credit
BKPF_BSEG;BSCHL;19;UMSKZ;4;28;Storno
BKPF_BSEG;BSCHL;19;UMSKZ;9;29;RechnAnforderung
BKPF_BSEG;BSCHL;19;UMSKZ;C;30;STORNO W-Anforderung
BKPF_BSEG;BSCHL;19;UMSKZ;I;31;Gepl.  Wechsel HABEN
BKPF_BSEG;BSCHL;19;UMSKZ;J;32;Merkposten HABEN
BKPF_BSEG;BSCHL;19;UMSKZ;M;33;Storno Sabatini Wech
BKPF_BSEG;BSCHL;19;UMSKZ;N;34;Storno Sabatini Wech
BKPF_BSEG;BSCHL;19;UMSKZ;V;35;Storno Wechselford.
BKPF_BSEG;BSCHL;23;UMSKZ;;36;R/2: Rueckbelastung
BKPF_BSEG;BSCHL;29;UMSKZ;1;37;Storno RE Invest.
BKPF_BSEG;BSCHL;29;UMSKZ;2;38;Debit Garantieabw.
BKPF_BSEG;BSCHL;29;UMSKZ;9;39;Storno RechnAnford.
BKPF_BSEG;BSCHL;29;UMSKZ;Z;40;CSG four débit
BKPF_BSEG;BSCHL;33;UMSKZ;;41;R/2: Storno Rue-bel.
BKPF_BSEG;BSCHL;39;UMSKZ;1;42;RE Investitionen
BKPF_BSEG;BSCHL;39;UMSKZ;2;43;Credit Garantieabw.
BKPF_BSEG;BSCHL;39;UMSKZ;9;44;RechnAnforderung
BKPF_BSEG;BSCHL;39;UMSKZ;Z;45;CGS four crédit
BKPF_BSEG;BSCHL;87;UMSKZ;;46;Verr-Kto-Soll
BKPF_BSEG;BSCHL;97;UMSKZ;;47;Verr-Kto-Haben
BKPF_BSEG;BSCHL;00;UMSKZ;;48;Act assignment model
BKPF_BSEG;BSCHL;01;UMSKZ;;49;Debit invoice booking
BKPF_BSEG;BSCHL;02;UMSKZ;;50;Reverse credit memo
BKPF_BSEG;BSCHL;03;UMSKZ;;51;Bank charges
BKPF_BSEG;BSCHL;04;UMSKZ;;52;Other receivables
BKPF_BSEG;BSCHL;05;UMSKZ;;53;Outgoing payment
BKPF_BSEG;BSCHL;06;UMSKZ;;54;Payment difference
BKPF_BSEG;BSCHL;07;UMSKZ;;55;Other clearing
BKPF_BSEG;BSCHL;08;UMSKZ;;56;Payment clearing
BKPF_BSEG;BSCHL;09;UMSKZ;;57;Special G/L debit
BKPF_BSEG;BSCHL;09;UMSKZ;8;58;LME Debit
BKPF_BSEG;BSCHL;09;UMSKZ;A;59;Reverse down payment
BKPF_BSEG;BSCHL;09;UMSKZ;B;60;B/exch. receivables
BKPF_BSEG;BSCHL;09;UMSKZ;E;61;Rev.reser.f.bad debt
BKPF_BSEG;BSCHL;09;UMSKZ;F;62;Down payment request
BKPF_BSEG;BSCHL;09;UMSKZ;G;63;Guarantee
BKPF_BSEG;BSCHL;09;UMSKZ;H;64;Debit EAR CCS
BKPF_BSEG;BSCHL;09;UMSKZ;K;65;IS-RE Rev. ad.pmt OC
BKPF_BSEG;BSCHL;09;UMSKZ;L;66;Prov. dudoso cobro
BKPF_BSEG;BSCHL;09;UMSKZ;P;67;Payment request
BKPF_BSEG;BSCHL;09;UMSKZ;Q;68;B/e residual risk
BKPF_BSEG;BSCHL;09;UMSKZ;R;69;B/e payment request
BKPF_BSEG;BSCHL;09;UMSKZ;S;70;Check/bill of exch.
BKPF_BSEG;BSCHL;09;UMSKZ;T;71;Reverse down payment
BKPF_BSEG;BSCHL;09;UMSKZ;U;72;IS-RE Rev.ad.pmt SBR
BKPF_BSEG;BSCHL;09;UMSKZ;W;73;Bill of exchange
BKPF_BSEG;BSCHL;09;UMSKZ;Y;74;Clave Y
BKPF_BSEG;BSCHL;09;UMSKZ;Z;75;Interest due
BKPF_BSEG;BSCHL;11;UMSKZ;;76;Credit memo
BKPF_BSEG;BSCHL;12;UMSKZ;;77;Reverse invoice
BKPF_BSEG;BSCHL;13;UMSKZ;;78;Reverse charges
BKPF_BSEG;BSCHL;14;UMSKZ;;79;Other payables
BKPF_BSEG;BSCHL;15;UMSKZ;;80;Incoming payment
BKPF_BSEG;BSCHL;16;UMSKZ;;81;Payment difference
BKPF_BSEG;BSCHL;17;UMSKZ;;82;Other clearing
BKPF_BSEG;BSCHL;18;UMSKZ;;83;Payment clearing
BKPF_BSEG;BSCHL;19;UMSKZ;;84;Special G/L credit
BKPF_BSEG;BSCHL;19;UMSKZ;8;85;LME Credit
BKPF_BSEG;BSCHL;19;UMSKZ;A;86;Down pmnt received
BKPF_BSEG;BSCHL;19;UMSKZ;B;87;Reverse b/e recvble
BKPF_BSEG;BSCHL;19;UMSKZ;E;88;Individ.val.adjust.
BKPF_BSEG;BSCHL;19;UMSKZ;F;89;Down pymnt requests
BKPF_BSEG;BSCHL;19;UMSKZ;G;90;Reset guarantee
BKPF_BSEG;BSCHL;19;UMSKZ;H;91;Credit EAR CCS
BKPF_BSEG;BSCHL;19;UMSKZ;K;92;IS-RE Ad.pmnt OC
BKPF_BSEG;BSCHL;19;UMSKZ;L;93;Prov. dudoso cobro
BKPF_BSEG;BSCHL;19;UMSKZ;P;94;Payment request
BKPF_BSEG;BSCHL;19;UMSKZ;R;95;B/e paym req reverse
BKPF_BSEG;BSCHL;19;UMSKZ;S;96;Reverse check/B of E
BKPF_BSEG;BSCHL;19;UMSKZ;T;97;Down payment
BKPF_BSEG;BSCHL;19;UMSKZ;U;98;IS-RE Ad.pmt SB rent
BKPF_BSEG;BSCHL;19;UMSKZ;W;99;Reverse b/e recvble
BKPF_BSEG;BSCHL;19;UMSKZ;Y;100;Clave Z
BKPF_BSEG;BSCHL;19;UMSKZ;Z;101;Reverse interest due
BKPF_BSEG;BSCHL;21;UMSKZ;;102;Credit memo
BKPF_BSEG;BSCHL;22;UMSKZ;;103;Reverse invoice
BKPF_BSEG;BSCHL;24;UMSKZ;;104;Other receivables
BKPF_BSEG;BSCHL;25;UMSKZ;;105;Outgoing payment
BKPF_BSEG;BSCHL;26;UMSKZ;;106;Payment difference
BKPF_BSEG;BSCHL;27;UMSKZ;;107;Clearing
BKPF_BSEG;BSCHL;28;UMSKZ;;108;Payment clearing
BKPF_BSEG;BSCHL;29;UMSKZ;;109;Special G/L debit
BKPF_BSEG;BSCHL;29;UMSKZ;A;110;Down payment made
BKPF_BSEG;BSCHL;29;UMSKZ;B;111;Down pmnt fin. asset
BKPF_BSEG;BSCHL;29;UMSKZ;C;112;Virement à échéance
BKPF_BSEG;BSCHL;29;UMSKZ;D;113;Debit discount
BKPF_BSEG;BSCHL;29;UMSKZ;E;114;DP Service
BKPF_BSEG;BSCHL;29;UMSKZ;G;115;Reset guarantee
BKPF_BSEG;BSCHL;29;UMSKZ;H;116;Reverse sec. deposit
BKPF_BSEG;BSCHL;29;UMSKZ;I;117;Invest. down payment
BKPF_BSEG;BSCHL;29;UMSKZ;M;118;No.of tangble assets
BKPF_BSEG;BSCHL;29;UMSKZ;P;119;Payment request
BKPF_BSEG;BSCHL;29;UMSKZ;S;120;Reverse check/bill
BKPF_BSEG;BSCHL;29;UMSKZ;V;121;Down payment stocks
BKPF_BSEG;BSCHL;29;UMSKZ;W;122;Reverse b/e payable
BKPF_BSEG;BSCHL;31;UMSKZ;;123;Credit invoice booking
BKPF_BSEG;BSCHL;32;UMSKZ;;124;Reverse credit memo
BKPF_BSEG;BSCHL;34;UMSKZ;;125;Other payables
BKPF_BSEG;BSCHL;35;UMSKZ;;126;Incoming payment
BKPF_BSEG;BSCHL;36;UMSKZ;;127;Payment difference
BKPF_BSEG;BSCHL;37;UMSKZ;;128;Other clearing
BKPF_BSEG;BSCHL;38;UMSKZ;;129;Payment clearing
BKPF_BSEG;BSCHL;39;UMSKZ;;130;Special G/L credit
BKPF_BSEG;BSCHL;39;UMSKZ;A;131;Reverse down payment
BKPF_BSEG;BSCHL;39;UMSKZ;B;132;Rev.dwn pmnt fin.ast
BKPF_BSEG;BSCHL;39;UMSKZ;C;133;Virement à échéance
BKPF_BSEG;BSCHL;39;UMSKZ;D;134;Credit discount
BKPF_BSEG;BSCHL;39;UMSKZ;E;135;Revers. DP service
BKPF_BSEG;BSCHL;39;UMSKZ;F;136;Down payment request
BKPF_BSEG;BSCHL;39;UMSKZ;G;137;Guarantee
BKPF_BSEG;BSCHL;39;UMSKZ;H;138;Security deposit
BKPF_BSEG;BSCHL;39;UMSKZ;I;139;Rev.invest.down pmnt
BKPF_BSEG;BSCHL;39;UMSKZ;M;140;Reverse mat.down pmt
BKPF_BSEG;BSCHL;39;UMSKZ;P;141;Payment request
BKPF_BSEG;BSCHL;39;UMSKZ;S;142;Check/bill of exch.
BKPF_BSEG;BSCHL;39;UMSKZ;W;143;Bill of exch.payable
BKPF_BSEG;BSCHL;40;UMSKZ;;144;Debit entry
BKPF_BSEG;BSCHL;50;UMSKZ;;145;Credit entry
BKPF_BSEG;BSCHL;61;UMSKZ;;146;Debit note w.o. good
BKPF_BSEG;BSCHL;62;UMSKZ;;147;Cr.-note w.o. good
BKPF_BSEG;BSCHL;70;UMSKZ;;148;Debit asset
BKPF_BSEG;BSCHL;75;UMSKZ;;149;Credit asset
BKPF_BSEG;BSCHL;80;UMSKZ;;150;Stock initial entry
BKPF_BSEG;BSCHL;81;UMSKZ;;151;Costs
BKPF_BSEG;BSCHL;83;UMSKZ;;152;Price difference
BKPF_BSEG;BSCHL;84;UMSKZ;;153;Consumption
BKPF_BSEG;BSCHL;85;UMSKZ;;154;Change in stock
BKPF_BSEG;BSCHL;86;UMSKZ;;155;GR/IR Debit
BKPF_BSEG;BSCHL;89;UMSKZ;;156;Stock inwrd movement
BKPF_BSEG;BSCHL;90;UMSKZ;;157;Stock initial entry
BKPF_BSEG;BSCHL;91;UMSKZ;;158;Costs
BKPF_BSEG;BSCHL;93;UMSKZ;;159;Price difference
BKPF_BSEG;BSCHL;94;UMSKZ;;160;Consumption
BKPF_BSEG;BSCHL;95;UMSKZ;;161;Change in stock
BKPF_BSEG;BSCHL;96;UMSKZ;;162;GR/IR Credit
BKPF_BSEG;BSCHL;99;UMSKZ;;163;Stock outwd movement
RBKP_RSEG;VGART;KP;TCODE;MR11;164;Account maintenance
RBKP_RSEG;VGART;KS;TCODE;MR11SHOW;165;Account maintenance cancellation
RBKP_RSEG;VGART;RD;TCODE;MIRO;166;Incoming invoice 
RBKP_RSEG;VGART;RS;TCODE;MR8M;167;Logistic invoice cancellation
RBKP_RSEG;VGART;RS;TCODE;MRIS;168;Invoicing plan settlement with logistics invoice verification
RBKP_RSEG;VGART;RS;TCODE;MRNB;169;Revaluation with logistics invoice verification
RBKP_RSEG;VGART;RS;TCODE;MRRL;170;Evaluated receipt settlement
EBAN;BSTYP;A;;;171;Request for quotation
EBAN;BSTYP;A;;;172;Request for quotation
EBAN;BSTYP;B;;;173;Purchase requisition
EBAN;BSTYP;F;;;174;Purchase order
EBAN;BSTYP;I;;;175;Info record
EBAN;BSTYP;K;;;176;Contract
EBAN;BSTYP;L;;;177;Scheduling agreement
EBAN;BSTYP;Q;;;178;Service entry sheet
EBAN;BSTYP;W;;;179;Source list
VIM_HEAD_ITEM;;;;;180;Incoming invoice