﻿Reference model;Trace ID;Activity
1 Requisition approval (P2P);1;Create purchase requisition
1 Requisition approval (P2P);1;Approve purchase requisition 1
1 Requisition approval (P2P);1;Create purchase order item
1 Requisition approval (P2P);1;Receive goods
1 Requisition approval (P2P);1;Create incoming invoice
1 Requisition approval (P2P);1;Create outgoing payment
1 Requisition approval (P2P);1;Automatic clearing by payment run
2 Requisition approvals (P2P);2;Create purchase requisition
2 Requisition approvals (P2P);2;Approve purchase requisition 1
2 Requisition approvals (P2P);2;Approve purchase requisition 2
2 Requisition approvals (P2P);2;Create purchase order item
2 Requisition approvals (P2P);2;Receive goods
2 Requisition approvals (P2P);2;Create incoming invoice
2 Requisition approvals (P2P);2;Create outgoing payment
2 Requisition approvals (P2P);2;Automatic clearing by payment run
3 Requisition approvals (P2P);3;Create purchase requisition
3 Requisition approvals (P2P);3;Approve purchase requisition 1
3 Requisition approvals (P2P);3;Approve purchase requisition 2
3 Requisition approvals (P2P);3;Approve purchase requisition 3
3 Requisition approvals (P2P);3;Create purchase order item
3 Requisition approvals (P2P);3;Receive goods
3 Requisition approvals (P2P);3;Create incoming invoice
3 Requisition approvals (P2P);3;Create outgoing payment
3 Requisition approvals (P2P);3;Automatic clearing by payment run
1 Order approval (P2P);4;Create purchase order item
1 Order approval (P2P);4;Approve purchase order 1
1 Order approval (P2P);4;Receive goods
1 Order approval (P2P);4;Create incoming invoice
1 Order approval (P2P);4;Create outgoing payment
1 Order approval (P2P);4;Automatic clearing by payment run
2 Order approvals (P2P);5;Create purchase order item
2 Order approvals (P2P);5;Approve purchase order 1
2 Order approvals (P2P);5;Approve purchase order 2
2 Order approvals (P2P);5;Receive goods
2 Order approvals (P2P);5;Create incoming invoice
2 Order approvals (P2P);5;Create outgoing payment
2 Order approvals (P2P);5;Automatic clearing by payment run
3 Order approvals (P2P);6;Create purchase order item
3 Order approvals (P2P);6;Approve purchase order 1
3 Order approvals (P2P);6;Approve purchase order 2
3 Order approvals (P2P);6;Approve purchase order 3
3 Order approvals (P2P);6;Receive goods
3 Order approvals (P2P);6;Create incoming invoice
3 Order approvals (P2P);6;Create outgoing payment
3 Order approvals (P2P);6;Automatic clearing by payment run
1 Requisition approval (P2GR);1;Create purchase requisition
1 Requisition approval (P2GR);1;Approve purchase requisition 1
1 Requisition approval (P2GR);1;Create purchase order item
1 Requisition approval (P2GR);1;Receive goods
2 Requisition approvals (P2GR);2;Create purchase requisition
2 Requisition approvals (P2GR);2;Approve purchase requisition 1
2 Requisition approvals (P2GR);2;Approve purchase requisition 2
2 Requisition approvals (P2GR);2;Create purchase order item
2 Requisition approvals (P2GR);2;Receive goods
3 Requisition approvals (P2GR);3;Create purchase requisition
3 Requisition approvals (P2GR);3;Approve purchase requisition 1
3 Requisition approvals (P2GR);3;Approve purchase requisition 2
3 Requisition approvals (P2GR);3;Approve purchase requisition 3
3 Requisition approvals (P2GR);3;Create purchase order item
3 Requisition approvals (P2GR);3;Receive goods
1 Order approval (P2GR);4;Create purchase order item
1 Order approval (P2GR);4;Approve purchase order 1
1 Order approval (P2GR);4;Receive goods
2 Order approvals (P2GR);5;Create purchase order item
2 Order approvals (P2GR);5;Approve purchase order 1
2 Order approvals (P2GR);5;Approve purchase order 2
2 Order approvals (P2GR);5;Receive goods
3 Order approvals (P2GR);6;Create purchase order item
3 Order approvals (P2GR);6;Approve purchase order 1
3 Order approvals (P2GR);6;Approve purchase order 2
3 Order approvals (P2GR);6;Approve purchase order 3
3 Order approvals (P2GR);6;Receive goods
Accounts payable;1;Create incoming invoice
Accounts payable;1;Create outgoing payment
Accounts payable;1;Automatic clearing by payment run
