Tag type;Tag;Comment
General;Onetime vendor;The vendor is marked as a one-time vendor in the supplier table
General;Unreasonably quick goods delivery;Goods are received within one hour after the purchase order is created
Rework;Purchase order approval revoked;A purchase order approval is revoked
Rework;Purchase requisition approval revoked;A purchase requisition approval is revoked
Rework;Purchase order price change after invoice receipt;The price of the purchase order item is changed after the first invoice has been received
Rework;Purchase order price change after approval;The price of the purchase order item is changed after the first approval
Rework;Purchase order item restored;The purchase order item is first deleted, but later restored
Violation;Purchase order creation and approval by the same person;The person creating and approving the purchase order are the same
Violation;Purchase order creation and goods receipt by the same person;The person creating the purchase order and receiving the goods are the same
Violation;Invoice receipt before goods receipt;An invoice has been received before the goods receipt
Violation;Both purchase order and purchase requisition are not approved;The case does not contain an approval activity
Violation;Goods receipt and invoice receipt by the same person; The user that registered the goods receipt is the same user that has received the invoice
General;Bypassed rule;The user overrode the a business rule exception
General;Unpaid Invoice;Non-prepay case has not been paid
Violation;Invoice process exceeds 30 days;Invoice process exceeds 30 days